M,K,N,shape_str,overlap_ratio,prefetch_ratio,ratio_str,avg_gflops,peak_gflops,avg_time_ms,std_time_ms,flops,cv,efficiency,matrix_volume
512,512,512,512x512x512,0.0,0.0,"o=0.0, p=0.0",19856.2600634321,21788.59265527493,0.013518933330972989,0.0018364901538243737,268435456,13.584578818928145,1985.6260063432098,134217728
512,512,512,512x512x512,1.0,1.0,"o=1.0, p=1.0",20403.619265311845,22017.344367202637,0.013156266665707033,0.0007143831606954001,268435456,5.429983891687926,2040.3619265311845,134217728
512,512,512,512x512x512,0.25,0.0,"o=0.25, p=0.0",19950.70872591938,21788.59265527493,0.013454933340350786,0.0015725807964876081,268435456,11.687763563803797,1995.070872591938,134217728
512,512,512,512x512x512,0.5,0.0,"o=0.5, p=0.0",20420.17529898194,21845.332560645238,0.013145599979907274,0.000761142776803633,268435456,5.790095377670255,2042.0175298981937,134217728
512,512,512,512x512x512,0.75,0.0,"o=0.75, p=0.0",20468.34003541571,21454.239933142457,0.01311466662834088,0.000573213050802209,268435456,4.370778663664175,2046.834003541571,134217728
512,512,512,512x512x512,0.0,0.25,"o=0.0, p=0.25",20466.675437149614,22369.62113888889,0.013115733272085588,0.0006905741795512761,268435456,5.2652350061207445,2046.6675437149615,134217728
512,512,512,512x512x512,0.0,0.5,"o=0.0, p=0.5",20423.48979793432,22369.62113888889,0.013143466599285603,0.0006537160983050808,268435456,4.973696196257787,2042.348979793432,134217728
512,512,512,512x512x512,0.0,0.75,"o=0.0, p=0.75",20425.14718557978,21959.70690093816,0.013142400079717238,0.0006795337085267472,268435456,5.170544987254471,2042.5147185579779,134217728
512,512,512,512x512x512,0.25,0.25,"o=0.25, p=0.25",20629.41554314927,22017.344367202637,0.01301226665576299,0.0012222571515660074,268435456,9.393114850014875,2062.9415543149266,134217728
512,512,512,512x512x512,0.5,0.5,"o=0.5, p=0.5",20973.26780678625,22017.344367202637,0.012798933312296867,0.0007972853032479951,268435456,6.229310551075261,2097.326780678625,134217728
512,512,512,512x512x512,0.75,0.75,"o=0.75, p=0.75",20914.00647115399,22075.283500151512,0.01283520000676314,0.0012988046727701167,268435456,10.119084019615968,2091.400647115399,134217728
512,512,512,512x512x512,0.25,0.75,"o=0.25, p=0.75",20929.660736234382,22550.02092829104,0.01282559996470809,0.001464337112341088,268435456,11.41729912339751,2092.966073623438,134217728
512,512,512,512x512x512,0.75,0.25,"o=0.75, p=0.25",21401.330175868472,22919.69443138046,0.0125429332566758,0.0005731772820690459,268435456,4.569722809965367,2140.1330175868475,134217728
512,512,512,512x512x512,0.5,0.25,"o=0.5, p=0.25",20920.96115407117,21788.59265527493,0.012830933245519796,0.0008118789995842077,268435456,6.327513237337534,2092.0961154071174,134217728
512,512,512,512x512x512,0.25,0.5,"o=0.25, p=0.5",21296.288465975493,22250.950228643538,0.012604799959808588,0.0004944561293011305,268435456,3.922760621967372,2129.6288465975495,134217728
512,512,512,512x512x512,0.5,0.75,"o=0.5, p=0.75",21283.6807261823,22250.950228643538,0.012612266621241966,0.00049874393191202,268435456,3.95443536748597,2128.36807261823,134217728
512,512,512,512x512x512,0.75,0.5,"o=0.75, p=0.5",21263.898688725632,22310.127014353588,0.01262399995078643,0.0004794129178046901,268435456,3.7976308592652073,2126.389868872563,134217728
512,512,512,512x512x512,0.1,0.1,"o=0.1, p=0.1",20844.714668452667,21902.3704158969,0.012877866656829913,0.0011742644146976017,268435456,9.118470054004,2084.4714668452666,134217728
512,512,512,512x512x512,0.9,0.9,"o=0.9, p=0.9",21285.480880406434,22192.084832254663,0.01261119997749726,0.0005069315135306946,268435456,4.0196929272015005,2128.5480880406435,134217728
512,512,512,512x512x512,0.33,0.67,"o=0.33, p=0.67",21253.12394461003,22133.53007356448,0.012630399968475103,0.0004285412663458372,268435456,3.3929350409761883,2125.3123944610034,134217728
512,512,512,512x512x512,0.67,0.33,"o=0.67, p=0.33",21263.89858414415,22133.53007356448,0.012624000012874604,0.0004262731513931331,268435456,3.3766884581622136,2126.389858414415,134217728
512,512,512,512x512x512,0.4,0.6,"o=0.4, p=0.6",21080.435513811626,22075.283500151512,0.012733866708974044,0.0005864494008285779,268435456,4.605430653795712,2108.0435513811626,134217728
512,512,512,512x512x512,0.6,0.4,"o=0.6, p=0.4",21219.075939715458,22133.53007356448,0.01265066663424174,0.0005347820710684287,268435456,4.227303481548763,2121.907593971546,134217728
768,768,768,768x768x768,0.0,0.0,"o=0.0, p=0.0",69928.08829599166,73156.46373215536,0.012955733326574166,0.0008053890645897432,905969664,6.216468371865671,6992.808829599166,452984832
768,768,768,768x768x768,1.0,1.0,"o=1.0, p=1.0",66277.53089580154,71493.82025062421,0.013669333358605703,0.0010266660639228298,905969664,7.510725190387424,6627.753089580154,452984832
768,768,768,768x768x768,0.25,0.0,"o=0.25, p=0.0",68160.3853297664,74308.5372393089,0.013291733308384816,0.0023036219181399665,905969664,17.33123788066658,6816.0385329766395,452984832
768,768,768,768x768x768,0.5,0.0,"o=0.5, p=0.0",66804.03988766007,73727.99739217767,0.013561599949995676,0.001667102625654892,905969664,12.292816716330167,6680.4039887660065,452984832
768,768,768,768x768x768,0.75,0.0,"o=0.75, p=0.0",66433.05123718725,74308.5372393089,0.013637333332250515,0.002610869179953748,905969664,19.145012564732014,6643.305123718725,452984832
768,768,768,768x768x768,0.0,0.25,"o=0.0, p=0.25",70385.89191342636,73536.50021155289,0.012871466701229413,0.0008190867769618702,905969664,6.363585409296327,7038.589191342637,452984832
768,768,768,768x768x768,0.0,0.5,"o=0.0, p=0.5",67585.46717911736,70778.88178802494,0.013404799904674292,0.0009570924218484088,905969664,7.139923226415846,6758.546717911736,452984832
768,768,768,768x768x768,0.0,0.75,"o=0.0, p=0.75",68067.52385687454,70602.37450330445,0.013309866624573867,0.0007630476798783421,905969664,5.7329476049710015,6806.752385687454,452984832
768,768,768,768x768x768,0.25,0.25,"o=0.25, p=0.25",71241.95300959965,73920.50015365204,0.012716799943397443,0.0007951467828916873,905969664,6.252726994455293,7124.195300959964,452984832
768,768,768,768x768x768,0.5,0.5,"o=0.5, p=0.5",67606.98592420746,71493.82025062421,0.013400533267607291,0.0009077583311896195,905969664,6.774046323842326,6760.6985924207465,452984832
768,768,768,768x768x768,0.75,0.75,"o=0.75, p=0.75",67585.46717911736,69561.55041691608,0.013404799904674292,0.0006012451264947477,905969664,4.485297287317894,6758.546717911736,452984832
768,768,768,768x768x768,0.25,0.75,"o=0.25, p=0.75",66391.50799811122,71856.73052387022,0.0136458666374286,0.0017146683286866009,905969664,12.56547769552077,6639.150799811122,452984832
768,768,768,768x768x768,0.75,0.25,"o=0.75, p=0.25",70608.24355332085,73156.46373215536,0.012830933307607968,0.0006708553416302192,905969664,5.228422013794137,7060.824355332084,452984832
768,768,768,768x768x768,0.5,0.25,"o=0.5, p=0.25",70702.28534565048,73156.46373215536,0.012813866759339968,0.0008416947471865789,905969664,6.5686241553360265,7070.228534565048,452984832
768,768,768,768x768x768,0.25,0.5,"o=0.25, p=0.5",68040.2595605659,70956.2686521285,0.01331519999851783,0.0006891201618023518,905969664,5.175439812237597,6804.02595605659,452984832
768,768,768,768x768x768,0.5,0.75,"o=0.5, p=0.75",66867.1517446246,70602.37450330445,0.013548799976706504,0.001091557923711833,905969664,8.05649153864897,6686.715174462459,452984832
768,768,768,768x768x768,0.75,0.5,"o=0.75, p=0.5",67703.99009305342,70956.2686521285,0.013381333400805792,0.0007853196483090596,905969664,5.868769761478101,6770.399009305342,452984832
768,768,768,768x768x768,0.1,0.1,"o=0.1, p=0.1",68002.12669393484,73345.98969287294,0.013322666628907125,0.0010395596643470507,905969664,7.802939856585807,6800.212669393484,452984832
768,768,768,768x768x768,0.9,0.9,"o=0.9, p=0.9",68094.80953533515,70778.88178802494,0.01330453334376216,0.0006202104540278858,905969664,4.661647560293213,6809.480953533516,452984832
768,768,768,768x768x768,0.33,0.67,"o=0.33, p=0.67",68689.57184330368,70956.2686521285,0.013189333397895098,0.000484746806129296,905969664,3.675294205593873,6868.957184330368,452984832
768,768,768,768x768x768,0.67,0.33,"o=0.67, p=0.33",67274.97503337602,72593.72287929918,0.01346666666989525,0.0013374081322169173,905969664,9.931248504180287,6727.497503337602,452984832
768,768,768,768x768x768,0.4,0.6,"o=0.4, p=0.6",65672.81856570282,71493.82025062421,0.013795199959228436,0.0008677194757928693,905969664,6.290010136550429,6567.281856570283,452984832
768,768,768,768x768x768,0.6,0.4,"o=0.6, p=0.4",68335.8724242453,70251.98785381118,0.0132576000255843,0.0005172498968370476,905969664,3.9015349372349983,6833.587242424531,452984832
1024,1024,1024,1024x1024x1024,0.0,0.0,"o=0.0, p=0.0",130224.18559324108,136400.12424813298,0.016490666754543783,0.0004901561566998306,2147483648,2.972324673074693,13022.418559324109,1073741824
1024,1024,1024,1024x1024x1024,1.0,1.0,"o=1.0, p=1.0",122201.2705826412,125907.81616500474,0.01757333322117726,0.0003595868851197763,2147483648,2.046207629446448,12220.12705826412,1073741824
1024,1024,1024,1024x1024x1024,0.25,0.0,"o=0.25, p=0.0",130502.7491836407,134756.752714674,0.0164554667348663,0.00042094983916582114,2147483648,2.558115463682965,13050.27491836407,1073741824
1024,1024,1024,1024x1024x1024,0.5,0.0,"o=0.5, p=0.0",128037.7715827268,133683.00113688692,0.016772266663610935,0.00179961690815199,2147483648,10.729717957897927,12803.77715827268,1073741824
1024,1024,1024,1024x1024x1024,0.75,0.0,"o=0.75, p=0.0",127988.93384736833,134486.69705442965,0.01677866658816735,0.0006055999377052452,2147483648,3.6093448458671107,12798.893384736833,1073741824
1024,1024,1024,1024x1024x1024,0.0,0.25,"o=0.0, p=0.25",122461.43039026008,126382.03501282123,0.01753600003818671,0.0006979129251376757,2147483648,3.979886653842883,12246.143039026008,1073741824
1024,1024,1024,1024x1024x1024,0.0,0.5,"o=0.0, p=0.5",122925.0175757796,125437.12915538475,0.017469866511722405,0.00041054338691564864,2147483648,2.350008722964031,12292.501757577958,1073741824
1024,1024,1024,1024x1024x1024,0.0,0.75,"o=0.0, p=0.75",122134.54970655771,127341.29875616159,0.01758293335636457,0.0005782909761036433,2147483648,3.2889334469001836,12213.45497065577,1073741824
1024,1024,1024,1024x1024x1024,0.25,0.25,"o=0.25, p=0.25",122327.49545604258,125907.81616500474,0.017555199998120465,0.0004170326043792667,2147483648,2.3755502895091825,12232.749545604258,1073741824
1024,1024,1024,1024x1024x1024,0.5,0.5,"o=0.5, p=0.5",121743.11608864953,125437.12915538475,0.017639466747641563,0.0004809720323520462,2147483648,2.726681249683204,12174.311608864953,1073741824
1024,1024,1024,1024x1024x1024,0.75,0.75,"o=0.75, p=0.75",121047.73417775531,126382.03501282123,0.01774080004543066,0.0013161198249116083,2147483648,7.418604693933122,12104.77341777553,1073741824
1024,1024,1024,1024x1024x1024,0.25,0.75,"o=0.25, p=0.75",121986.54344340047,125672.03193865817,0.01760426672796408,0.00047884188484967707,2147483648,2.7200331161140885,12198.654344340046,1073741824
1024,1024,1024,1024x1024x1024,0.75,0.25,"o=0.75, p=0.25",122127.140389711,125437.12915538475,0.01758400009324153,0.0005456132336657145,2147483648,3.102895989379702,12212.7140389711,1073741824
1024,1024,1024,1024x1024x1024,0.5,0.25,"o=0.5, p=0.25",122790.06680296692,125672.03193865817,0.017489066533744334,0.0003987167295937619,2147483648,2.2798056650105174,12279.006680296692,1073741824
1024,1024,1024,1024x1024x1024,0.25,0.5,"o=0.25, p=0.5",121949.59898505572,125907.81616500474,0.017609599915643533,0.00048713980367299543,2147483648,2.766330899092395,12194.959898505573,1073741824
1024,1024,1024,1024x1024x1024,0.5,0.75,"o=0.5, p=0.75",121084.13668111632,126382.03501282123,0.01773546648522218,0.0008371402057361607,2147483648,4.720147656864259,12108.413668111632,1073741824
1024,1024,1024,1024x1024x1024,0.75,0.5,"o=0.75, p=0.5",122260.636711019,125203.10288169695,0.017564800133307776,0.0005047723234370891,2147483648,2.8737720873914157,12226.0636711019,1073741824
1024,1024,1024,1024x1024x1024,0.1,0.1,"o=0.1, p=0.1",128086.64707743998,134217.72162500033,0.01676586667696635,0.0005542521071358143,2147483648,3.3058363030959153,12808.664707743997,1073741824
1024,1024,1024,1024x1024x1024,0.9,0.9,"o=0.9, p=0.9",122610.5928308701,125672.03193865817,0.01751466654241085,0.0004546052338638186,2147483648,2.59556887802012,12261.05928308701,1073741824
1024,1024,1024,1024x1024x1024,0.33,0.67,"o=0.33, p=0.67",122910.00699140603,127341.29875616159,0.017472000047564506,0.0003907844657184029,2147483648,2.236632696054027,12291.000699140604,1073741824
1024,1024,1024,1024x1024x1024,0.67,0.33,"o=0.67, p=0.33",122662.88513295368,125907.81616500474,0.017507199880977473,0.000395416970273717,2147483648,2.2585963087298677,12266.288513295369,1073741824
1024,1024,1024,1024x1024x1024,0.4,0.6,"o=0.4, p=0.6",122320.06357640773,126382.03501282123,0.01755626661082109,0.00037668445224616566,2147483648,2.145584027608638,12232.006357640774,1073741824
1024,1024,1024,1024x1024x1024,0.6,0.4,"o=0.6, p=0.4",121603.40230531733,125203.10288169695,0.01765973325818777,0.0005431669539816738,2147483648,3.075737022980455,12160.340230531732,1073741824
1536,1536,1536,1536x1536x1536,0.0,0.0,"o=0.0, p=0.0",253224.48020208112,261236.92001375422,0.028621866678198177,0.0006096082022304093,7247757312,2.1298687785963293,25322.44802020811,3623878656
1536,1536,1536,1536x1536x1536,1.0,1.0,"o=1.0, p=1.0",220366.23651450922,224472.1665876782,0.032889599725604055,0.0005528628146949649,7247757312,1.680965470262533,22036.623651450922,3623878656
1536,1536,1536,1536x1536x1536,0.25,0.0,"o=0.25, p=0.0",251919.48964062313,260336.11365561833,0.028770133356253304,0.0008084008867662633,7247757312,2.809861451652097,25191.948964062314,3623878656
1536,1536,1536,1536x1536x1536,0.5,0.0,"o=0.5, p=0.0",251788.79867444088,261538.5815659103,0.02878506649285555,0.0010315298315900529,7247757312,3.5835589674461183,25178.87986744409,3623878656
1536,1536,1536,1536x1536x1536,0.75,0.0,"o=0.75, p=0.0",251593.01112587322,260037.21802184763,0.028807466787596544,0.0006201555264617979,7247757312,2.1527596682982706,25159.301112587324,3623878656
1536,1536,1536,1536x1536x1536,0.0,0.25,"o=0.0, p=0.25",237197.951906852,244065.0973669319,0.030555733107030393,0.0005635234037293828,7247757312,1.844247695695853,23719.7951906852,3623878656
1536,1536,1536,1536x1536x1536,0.0,0.5,"o=0.0, p=0.5",232921.0365340652,242497.23065203603,0.031116800010204317,0.0012937026578249443,7247757312,4.157569728894658,23292.10365340652,3623878656
1536,1536,1536,1536x1536x1536,0.0,0.75,"o=0.0, p=0.75",236512.6693261002,243540.23745772644,0.030644266679883004,0.0004907931941177723,7247757312,1.601582440345889,23651.26693261002,3623878656
1536,1536,1536,1536x1536x1536,0.25,0.25,"o=0.25, p=0.25",233112.81961352317,241979.07024508461,0.031091200063625972,0.0012776406167272659,7247757312,4.1093319463792435,23311.281961352317,3623878656
1536,1536,1536,1536x1536x1536,0.5,0.5,"o=0.5, p=0.5",236208.45718106534,241979.07024508461,0.030683733336627484,0.0004039896446901757,7247757312,1.3166248065646209,23620.845718106535,3623878656
1536,1536,1536,1536x1536x1536,0.75,0.75,"o=0.75, p=0.75",236298.81852099817,245387.236910551,0.030671999789774418,0.000590441122293512,7247757312,1.9250167134206755,23629.881852099817,3623878656
1536,1536,1536,1536x1536x1536,0.25,0.75,"o=0.25, p=0.75",235888.64560603493,241463.13447813626,0.030725333529214065,0.00041592479623080045,7247757312,1.3536868390227026,23588.864560603495,3623878656
1536,1536,1536,1536x1536x1536,0.75,0.25,"o=0.75, p=0.25",236381.02194436564,244328.38426198674,0.030661333352327347,0.0009515750883920987,7247757312,3.103501982309812,23638.102194436564,3623878656
1536,1536,1536,1536x1536x1536,0.5,0.25,"o=0.5, p=0.25",236011.5474080658,240182.83242225336,0.030709333469470343,0.000511088066764281,7247757312,1.6642760002341919,23601.154740806578,3623878656
1536,1536,1536,1536x1536x1536,0.25,0.5,"o=0.25, p=0.5",235618.7149233258,243540.23745772644,0.030760533238450686,0.0008686071828193699,7247757312,2.8237715389589226,23561.87149233258,3623878656
1536,1536,1536,1536x1536x1536,0.5,0.75,"o=0.5, p=0.75",236150.990614038,242237.8733553291,0.030691200122237205,0.0006177105851901291,7247757312,2.0126635085298243,23615.0990614038,3623878656
1536,1536,1536,1536x1536x1536,0.75,0.5,"o=0.75, p=0.5",233401.08759719148,242497.23065203603,0.031052800081670284,0.0006271568134141223,7247757312,2.0196465753963286,23340.10875971915,3623878656
1536,1536,1536,1536x1536x1536,0.1,0.1,"o=0.1, p=0.1",251304.55156920443,258848.46743877575,0.028840533395608266,0.0006447256334742815,7247757312,2.2354844296064855,25130.45515692044,3623878656
1536,1536,1536,1536x1536x1536,0.9,0.9,"o=0.9, p=0.9",220623.8227968198,224917.9935575106,0.03285119992991289,0.0004962649390235452,7247757312,1.5106447864379764,22062.382279681977,3623878656
1536,1536,1536,1536x1536x1536,0.33,0.67,"o=0.33, p=0.67",236883.71384486428,242237.8733553291,0.030596266811092693,0.0005018822144880758,7247757312,1.6403380764940843,23688.37138448643,3623878656
1536,1536,1536,1536x1536x1536,0.67,0.33,"o=0.67, p=0.33",236150.99204723543,243017.61494033952,0.03069119993597269,0.0004993331128908108,7247757312,1.626958587257939,23615.099204723545,3623878656
1536,1536,1536,1536x1536x1536,0.4,0.6,"o=0.4, p=0.6",235888.6470360499,243802.39256977674,0.030725333342949548,0.0005631808132718981,7247757312,1.8329526550153101,23588.864703604988,3623878656
1536,1536,1536,1536x1536x1536,0.6,0.4,"o=0.6, p=0.4",236282.38278364882,243278.64551884838,0.03067413332561652,0.0005085002211818044,7247757312,1.6577492696660696,23628.238278364883,3623878656
2048,2048,2048,2048x2048x2048,0.0,0.0,"o=0.0, p=0.0",349608.7918113439,359351.35457313433,0.04914026645322641,0.0007415204348388136,17179869184,1.5089874116670108,34960.87918113439,8589934592
2048,2048,2048,2048x2048x2048,1.0,1.0,"o=1.0, p=1.0",291113.17408997164,305735.1464176193,0.05901439959804217,0.0020139399471474635,17179869184,3.4126246490090133,29111.317408997165,8589934592
2048,2048,2048,2048x2048x2048,0.25,0.0,"o=0.25, p=0.0",345528.6595098244,356724.8463571046,0.049720533192157745,0.001635837096113272,17179869184,3.2900634628980354,34552.86595098244,8589934592
2048,2048,2048,2048x2048x2048,0.5,0.0,"o=0.5, p=0.0",346950.31290830066,362261.07608349225,0.04951679979761441,0.0009882974938691504,17179869184,1.9958832111698057,34695.03129083006,8589934592
2048,2048,2048,2048x2048x2048,0.75,0.0,"o=0.75, p=0.0",347451.7829994729,360558.0225147841,0.049445333207647005,0.001052181490082178,17179869184,2.1279692578135,34745.17829994729,8589934592
2048,2048,2048,2048x2048x2048,0.0,0.25,"o=0.0, p=0.25",321730.03401917854,333874.9410178585,0.053398400420943896,0.0009160852305022587,17179869184,1.7155668021526582,32173.003401917857,8589934592
2048,2048,2048,2048x2048x2048,0.0,0.5,"o=0.0, p=0.5",322322.386800379,331606.4953873494,0.05330026671290398,0.0007924759373515945,17179869184,1.4868142060529996,32232.238680037903,8589934592
2048,2048,2048,2048x2048x2048,0.0,0.75,"o=0.0, p=0.75",291931.0412120152,302292.17691847257,0.0588490662475427,0.0017635545189487822,17179869184,2.9967417180938214,29193.10412120152,8589934592
2048,2048,2048,2048x2048x2048,0.25,0.25,"o=0.25, p=0.25",322025.9398820562,328763.57576455304,0.05334933325648308,0.0009239486867262539,17179869184,1.7318842248398196,32202.59398820562,8589934592
2048,2048,2048,2048x2048x2048,0.5,0.5,"o=0.5, p=0.5",320526.3263287739,334290.7286669386,0.05359893329441547,0.0019701101077041995,17179869184,3.6756517091161354,32052.63263287739,8589934592
2048,2048,2048,2048x2048x2048,0.75,0.75,"o=0.75, p=0.75",293420.1845364959,303316.90398033784,0.058550400038560234,0.001186250902278639,17179869184,2.0260338127449096,29342.018453649587,8589934592
2048,2048,2048,2048x2048x2048,0.25,0.75,"o=0.25, p=0.75",292095.1639407929,302462.4836659393,0.05881600007414818,0.0013177106442216625,17179869184,2.2403948628952164,29209.51639407929,8589934592
2048,2048,2048,2048x2048x2048,0.75,0.25,"o=0.75, p=0.25",321556.60745415813,332222.1062058868,0.05342720001935959,0.001147445870281611,17179869184,2.1476810872848078,32155.660745415815,8589934592
2048,2048,2048,2048x2048x2048,0.5,0.25,"o=0.5, p=0.25",322238.5536625365,335754.17644001264,0.053314133236805596,0.0012409769837466447,17179869184,2.32766980986935,32223.85536625365,8589934592
2048,2048,2048,2048x2048x2048,0.25,0.5,"o=0.25, p=0.5",320756.1265996321,330178.904314726,0.05356053325037161,0.000946813476253509,17179869184,1.76774467839515,32075.612659963208,8589934592
2048,2048,2048,2048x2048x2048,0.5,0.75,"o=0.5, p=0.75",293725.1955772666,306958.77516091056,0.058489599948128065,0.001181356425131801,17179869184,2.0197717648598994,29372.51955772666,8589934592
2048,2048,2048,2048x2048x2048,0.75,0.5,"o=0.75, p=0.5",322509.55906471016,333460.1863894141,0.05326933326820533,0.0010034717698157918,17179869184,1.883770094818758,32250.95590647102,8589934592
2048,2048,2048,2048x2048x2048,0.1,0.1,"o=0.1, p=0.1",345669.55691797804,356962.0322296574,0.04970026674369971,0.0009808829819566523,17179869184,1.9735970171246504,34566.955691797804,8589934592
2048,2048,2048,2048x2048x2048,0.9,0.9,"o=0.9, p=0.9",293089.13765650877,306083.7638406562,0.05861653325458368,0.0012476903193546858,17179869184,2.1285638199306494,29308.91376565088,8589934592
2048,2048,2048,2048x2048x2048,0.33,0.67,"o=0.33, p=0.67",292647.12855212396,305213.70672454924,0.058705066641171776,0.0016519715212369092,17179869184,2.814018645672276,29264.712855212394,8589934592
2048,2048,2048,2048x2048x2048,0.67,0.33,"o=0.67, p=0.33",320756.1280869332,329166.7224066515,0.05356053300201893,0.0009611611331416508,17179869184,1.794532427646716,32075.612808693324,8589934592
2048,2048,2048,2048x2048x2048,0.4,0.6,"o=0.4, p=0.6",320373.3087430193,331606.4953873494,0.05362453336517016,0.0011952954942636893,17179869184,2.229008663113234,32037.330874301933,8589934592
2048,2048,2048,2048x2048x2048,0.6,0.4,"o=0.6, p=0.4",322135.4324154005,331401.79846060055,0.053331200033426285,0.000832762922508003,17179869184,1.5614929384413887,32213.54324154005,8589934592
3072,3072,3072,3072x3072x3072,0.0,0.0,"o=0.0, p=0.0",433772.3330049802,447834.72431875276,0.13366933315992355,0.0023908659754090277,57982058496,1.7886421057764743,43377.23330049802,28991029248
3072,3072,3072,3072x3072x3072,1.0,1.0,"o=1.0, p=1.0",356723.1051808956,370918.98924223403,0.1625407988826434,0.0022407252861702926,57982058496,1.3785617528483578,35672.31051808956,28991029248
3072,3072,3072,3072x3072x3072,0.25,0.0,"o=0.25, p=0.0",420211.8127333092,439897.87762322905,0.13798293322324753,0.0025829428305767363,57982058496,1.8719292090984183,42021.18127333092,28991029248
3072,3072,3072,3072x3072x3072,0.5,0.0,"o=0.5, p=0.0",421907.8072817509,437772.23752529087,0.1374282663067182,0.0020184443632225105,57982058496,1.4687257705177341,42190.78072817509,28991029248
3072,3072,3072,3072x3072x3072,0.75,0.0,"o=0.75, p=0.0",418680.9109653667,431825.4065350957,0.1384874661763509,0.002483880580504047,57982058496,1.7935778948696024,41868.09109653667,28991029248
3072,3072,3072,3072x3072x3072,0.0,0.25,"o=0.0, p=0.25",394317.0296499786,410219.4657438598,0.14704426676034926,0.002164326050829113,57982058496,1.4718874108546522,39431.702964997865,28991029248
3072,3072,3072,3072x3072x3072,0.0,0.5,"o=0.0, p=0.5",366322.16570869344,372520.43759603385,0.1582815999786059,0.0020982848912897,57982058496,1.3256657069257034,36632.21657086934,28991029248
3072,3072,3072,3072x3072x3072,0.0,0.75,"o=0.0, p=0.75",356367.6282064452,364062.55729992694,0.1627029334505399,0.002429694180833548,57982058496,1.493331514869184,35636.76282064452,28991029248
3072,3072,3072,3072x3072x3072,0.25,0.25,"o=0.25, p=0.25",394019.7717917545,406720.3730775776,0.14715520044167837,0.00226966454235758,57982058496,1.542361082411838,39401.977179175454,28991029248
3072,3072,3072,3072x3072x3072,0.5,0.5,"o=0.5, p=0.5",365052.751371138,371908.74090307974,0.1588319996992747,0.001895466295652089,57982058496,1.1933780971346322,36505.27513711379,28991029248
3072,3072,3072,3072x3072x3072,0.75,0.75,"o=0.75, p=0.75",356330.251873896,363916.3169575725,0.16271999975045523,0.0021415470711663703,57982058496,1.3160933348393635,35633.0251873896,28991029248
3072,3072,3072,3072x3072x3072,0.25,0.75,"o=0.25, p=0.75",356456.4331913559,367384.3041784329,0.16266239881515504,0.0019707151220709172,57982058496,1.2115369848383843,35645.64331913559,28991029248
3072,3072,3072,3072x3072x3072,0.75,0.25,"o=0.75, p=0.25",392803.98854613974,406811.71079068206,0.14761066635449727,0.0016664822358055543,57982058496,1.128971419858902,39280.39885461397,28991029248
3072,3072,3072,3072x3072x3072,0.5,0.25,"o=0.5, p=0.25",394431.4795702463,403460.1068509765,0.14700159976879756,0.0018978889289191438,57982058496,1.291066853628887,39443.14795702463,28991029248
3072,3072,3072,3072x3072x3072,0.25,0.5,"o=0.25, p=0.5",365352.08956764906,372214.337934284,0.1587018663684527,0.0017139105906267818,57982058496,1.0799561655107786,36535.2089567649,28991029248
3072,3072,3072,3072x3072x3072,0.5,0.75,"o=0.5, p=0.75",355838.07557483687,362968.6279398003,0.16294506539901096,0.0017599512428314412,57982058496,1.0800887026076973,35583.807557483684,28991029248
3072,3072,3072,3072x3072x3072,0.75,0.5,"o=0.75, p=0.5",364817.5493867459,370918.98924223403,0.15893440047899882,0.0018429537549634488,57982058496,1.1595688217334497,36481.75493867459,28991029248
3072,3072,3072,3072x3072x3072,0.1,0.1,"o=0.1, p=0.1",393771.4517575133,405809.5006221098,0.14724799940983455,0.0022020518067248336,57982058496,1.4954714600881436,39377.14517575133,28991029248
3072,3072,3072,3072x3072x3072,0.9,0.9,"o=0.9, p=0.9",357034.7226905167,365163.10044902324,0.16239893436431885,0.0019752309711071154,57982058496,1.2162832095166132,35703.472269051665,28991029248
3072,3072,3072,3072x3072x3072,0.33,0.67,"o=0.33, p=0.67",366290.0739561295,373057.30731076805,0.15829546749591827,0.001691242060736335,57982058496,1.0684083931714246,36629.00739561295,28991029248
3072,3072,3072,3072x3072x3072,0.67,0.33,"o=0.67, p=0.33",392866.4443373277,409200.3727443989,0.1475872000058492,0.002482278208820834,57982058496,1.6819061603732952,39286.64443373276,28991029248
3072,3072,3072,3072x3072x3072,0.4,0.6,"o=0.4, p=0.6",366238.24866756645,376077.0788372993,0.15831786741813023,0.0019473375503953742,57982058496,1.2300175477050224,36623.824866756644,28991029248
3072,3072,3072,3072x3072x3072,0.6,0.4,"o=0.6, p=0.4",392044.74528135796,404902.65681345825,0.14789653271436692,0.002130098445873906,57982058496,1.4402625989804456,39204.4745281358,28991029248
4096,4096,4096,4096x4096x4096,0.0,0.0,"o=0.0, p=0.0",235122.0834605723,237579.7903317291,0.5845429380734761,0.002369699634773954,137438953472,0.405393595649955,23512.20834605723,68719476736
4096,4096,4096,4096x4096x4096,1.0,1.0,"o=1.0, p=1.0",228059.02913840974,232009.90900826157,0.6026464025179545,0.0038694334572592554,137438953472,0.6420736008863794,22805.90291384097,68719476736
4096,4096,4096,4096x4096x4096,0.25,0.0,"o=0.25, p=0.0",234351.04717538375,235922.39908424916,0.5864661375681559,0.00200645696272278,137438953472,0.3421266521956011,23435.104717538376,68719476736
4096,4096,4096,4096x4096x4096,0.5,0.0,"o=0.5, p=0.0",234313.11770008737,235650.57622468143,0.5865610718727112,0.0021040105746923665,137438953472,0.3587027294489387,23431.311770008735,68719476736
4096,4096,4096,4096x4096x4096,0.75,0.0,"o=0.75, p=0.0",234298.63483644518,236207.84275862973,0.586597329378128,0.002334189414305796,137438953472,0.39792022523872556,23429.86348364452,68719476736
4096,4096,4096,4096x4096x4096,0.0,0.25,"o=0.0, p=0.25",234030.52918034093,236637.31786626598,0.5872693359851837,0.00195629796191008,137438953472,0.3331176756620978,23403.052918034093,68719476736
4096,4096,4096,4096x4096x4096,0.0,0.5,"o=0.0, p=0.5",232378.95663207016,234415.8514549863,0.5914431989192963,0.0022887870177317523,137438953472,0.3869834029563441,23237.895663207015,68719476736
4096,4096,4096,4096x4096x4096,0.0,0.75,"o=0.0, p=0.75",230383.74265803583,232009.90900826157,0.596565330028534,0.002370378800449773,137438953472,0.39733767303178635,23038.374265803584,68719476736
4096,4096,4096,4096x4096x4096,0.25,0.25,"o=0.25, p=0.25",233952.34437768703,235637.64446191292,0.5874655961990356,0.0024330929012358954,137438953472,0.4141677260725161,23395.2344377687,68719476736
4096,4096,4096,4096x4096x4096,0.5,0.5,"o=0.5, p=0.5",232082.61467759722,236311.81398818234,0.5921984016895294,0.0030510444623357592,137438953472,0.5152064668920406,23208.26146775972,68719476736
4096,4096,4096,4096x4096x4096,0.75,0.75,"o=0.75, p=0.75",229954.0788083106,232802.18404858184,0.5976799984773,0.00292033366349734,137438953472,0.4886115765857028,22995.40788083106,68719476736
4096,4096,4096,4096x4096x4096,0.25,0.75,"o=0.25, p=0.75",230175.07955268509,233536.3640382679,0.5971061408519744,0.0034692952318026724,137438953472,0.5810181799256906,23017.50795526851,68719476736
4096,4096,4096,4096x4096x4096,0.75,0.25,"o=0.75, p=0.25",234164.5044741424,236598.20132221782,0.5869333346684774,0.0018564291007082895,137438953472,0.3162930082607886,23416.45044741424,68719476736
4096,4096,4096,4096x4096x4096,0.5,0.25,"o=0.5, p=0.25",233926.85840848234,235070.19241730738,0.5875295996665955,0.002040038706089232,137438953472,0.34722313688482925,23392.685840848233,68719476736
4096,4096,4096,4096x4096x4096,0.25,0.5,"o=0.25, p=0.5",231801.6264796294,234019.90027330173,0.5929162601629893,0.0024196236841399184,137438953472,0.40808860318230733,23180.162647962938,68719476736
4096,4096,4096,4096x4096x4096,0.5,0.75,"o=0.5, p=0.75",230104.37988638633,232323.6383042619,0.5972896019617716,0.00197529753350971,137438953472,0.33071018263534663,23010.437988638634,68719476736
4096,4096,4096,4096x4096x4096,0.75,0.5,"o=0.75, p=0.5",232259.1565380387,235663.50940691476,0.5917482674121857,0.0033204913792485775,137438953472,0.5611324210157205,23225.91565380387,68719476736
4096,4096,4096,4096x4096x4096,0.1,0.1,"o=0.1, p=0.1",234035.2093724864,234915.89155414712,0.5872575918833415,0.0014863412771102546,137438953472,0.2530986908732064,23403.520937248642,68719476736
4096,4096,4096,4096x4096x4096,0.9,0.9,"o=0.9, p=0.9",228480.01521325632,231409.8788049941,0.6015359958012899,0.003878116285730727,137438953472,0.6447022809607249,22848.001521325634,68719476736
4096,4096,4096,4096x4096x4096,0.33,0.67,"o=0.33, p=0.67",230721.6056561114,232537.47619895492,0.5956917345523834,0.002510340701402908,137438953472,0.4214160707281319,23072.160565611142,68719476736
4096,4096,4096,4096x4096x4096,0.67,0.33,"o=0.67, p=0.33",232108.5336774809,234096.42619391409,0.5921322723229726,0.002412181956388084,137438953472,0.40737214793663257,23210.853367748092,68719476736
4096,4096,4096,4096x4096x4096,0.4,0.6,"o=0.4, p=0.6",230402.280048101,232688.66742294226,0.5965173323949178,0.0025838276320140348,137438953472,0.43315214691925163,23040.228004810102,68719476736
4096,4096,4096,4096x4096x4096,0.6,0.4,"o=0.6, p=0.4",232147.84762819164,233676.14003298787,0.592031995455424,0.0018737879334394312,137438953472,0.3165011262605848,23214.784762819163,68719476736
6144,6144,6144,6144x6144x6144,0.0,0.0,"o=0.0, p=0.0",230621.25772167346,231099.96540120448,2.0113343954086305,0.0018571979330714806,463856467968,0.09233660684722518,23062.125772167346,231928233984
6144,6144,6144,6144x6144x6144,1.0,1.0,"o=1.0, p=1.0",243874.3029588705,254396.5407526439,1.9020309329032898,0.03310395440195344,463856467968,1.7404529983864694,24387.43029588705,231928233984
6144,6144,6144,6144x6144x6144,0.25,0.0,"o=0.25, p=0.0",230461.27079372064,230849.6925679364,2.012730669975281,0.0018601029321904433,463856467968,0.09241688219583238,23046.127079372065,231928233984
6144,6144,6144,6144x6144x6144,0.5,0.0,"o=0.5, p=0.0",230504.7605013763,230842.3518918042,2.0123509248097737,0.0019401839410583236,463856467968,0.09641379727254717,23050.47605013763,231928233984
6144,6144,6144,6144x6144x6144,0.75,0.0,"o=0.75, p=0.0",230368.36396934063,230949.001899302,2.013542397816976,0.00199559557600446,463856467968,0.09910869411878423,23036.836396934064,231928233984
6144,6144,6144,6144x6144x6144,0.0,0.25,"o=0.0, p=0.25",227211.5665923046,227723.55330272377,2.0415178457895915,0.002002986458975189,463856467968,0.09811261082562324,22721.15665923046,231928233984
6144,6144,6144,6144x6144x6144,0.0,0.5,"o=0.0, p=0.5",222725.5713506631,223217.39922361483,2.0826367855072023,0.0021895794706735874,463856467968,0.1051349657276096,22272.55713506631,231928233984
6144,6144,6144,6144x6144x6144,0.0,0.75,"o=0.0, p=0.75",208862.96661274237,209687.9040957506,2.220865074793498,0.004650253401770848,463856467968,0.2093892805353446,20886.29666127424,231928233984
6144,6144,6144,6144x6144x6144,0.25,0.25,"o=0.25, p=0.25",227186.51952964134,227598.39875211692,2.0417429208755493,0.002203384410951513,463856467968,0.10791683852179822,22718.651952964134,231928233984
6144,6144,6144,6144x6144x6144,0.5,0.5,"o=0.5, p=0.5",222721.11958596978,223117.7689065376,2.0826784133911134,0.0019248075283429845,463856467968,0.092419814598689,22272.11195859698,231928233984
6144,6144,6144,6144x6144x6144,0.75,0.75,"o=0.75, p=0.75",208817.23073733028,209684.8531766927,2.2213514963785808,0.00510126460835481,463856467968,0.2296468891425462,20881.72307373303,231928233984
6144,6144,6144,6144x6144x6144,0.25,0.75,"o=0.25, p=0.75",208901.79572909942,209997.75156290943,2.2204522768656414,0.004495408841871981,463856467968,0.20245464803313115,20890.179572909943,231928233984
6144,6144,6144,6144x6144x6144,0.75,0.25,"o=0.75, p=0.25",227221.65649140297,227616.26574626588,2.041427191098531,0.0015383055477445236,463856467968,0.07535441648137997,22722.165649140297,231928233984
6144,6144,6144,6144x6144x6144,0.5,0.25,"o=0.5, p=0.25",227157.918631489,227548.38076498703,2.0419999917348224,0.0018954568416160553,463856467968,0.092823547957301,22715.7918631489,231928233984
6144,6144,6144,6144x6144x6144,0.25,0.5,"o=0.25, p=0.5",222633.43537177547,223083.41042792896,2.0834986766179404,0.0022875859590829957,463856467968,0.10979541214762574,22263.34353717755,231928233984
6144,6144,6144,6144x6144x6144,0.5,0.75,"o=0.5, p=0.75",208976.38314918554,209830.56017448328,2.219659757614136,0.005034528368552523,463856467968,0.22681531938768973,20897.638314918557,231928233984
6144,6144,6144,6144x6144x6144,0.75,0.5,"o=0.75, p=0.5",222663.64508353287,223389.40155196463,2.0832159996032713,0.0030142611534295705,463856467968,0.14469268448416334,22266.36450835329,231928233984
6144,6144,6144,6144x6144x6144,0.1,0.1,"o=0.1, p=0.1",230557.67509634848,230930.60788214367,2.0118890762329102,0.0020469006638820708,463856467968,0.10174023449218764,23055.767509634847,231928233984
6144,6144,6144,6144x6144x6144,0.9,0.9,"o=0.9, p=0.9",204978.53029856633,205849.56372596897,2.2629514773686727,0.0056963564823950905,463856467968,0.2517224314954703,20497.853029856633,231928233984
6144,6144,6144,6144x6144x6144,0.33,0.67,"o=0.33, p=0.67",216488.28733289198,217262.15871783491,2.1426400184631347,0.005200313335163725,463856467968,0.2427058810790712,21648.8287332892,231928233984
6144,6144,6144,6144x6144x6144,0.67,0.33,"o=0.67, p=0.33",227154.3567337823,227623.42930811268,2.042032011349996,0.0019268352958182215,463856467968,0.094358721367173,22715.43567337823,231928233984
6144,6144,6144,6144x6144x6144,0.4,0.6,"o=0.4, p=0.6",216521.70443468358,217086.47496619707,2.142309331893921,0.0037093537814372707,463856467968,0.17314744076468153,21652.17044346836,231928233984
6144,6144,6144,6144x6144x6144,0.6,0.4,"o=0.6, p=0.4",222670.25563928706,223310.24910802438,2.0831541538238527,0.002489471432502404,463856467968,0.11950490691880447,22267.025563928706,231928233984
1024,2048,1024,1024x2048x1024,0.0,0.0,"o=0.0, p=0.0",214325.4288610933,220390.3649796028,0.02003946670641502,0.0004105226165835756,4294967296,2.0485705662624216,21432.542886109328,2147483648
1024,2048,1024,1024x2048x1024,1.0,1.0,"o=1.0, p=1.0",201851.4059388529,207767.3900317749,0.021277866636713345,0.00042032094145660995,4294967296,1.9753904309719568,20185.14059388529,2147483648
1024,2048,1024,1024x2048x1024,0.25,0.0,"o=0.25, p=0.0",219656.96510645805,225576.01707506538,0.019553066728015742,0.0003946507793251313,4294967296,2.018357451619973,21965.696510645805,2147483648
1024,2048,1024,1024x2048x1024,0.5,0.0,"o=0.5, p=0.0",220149.36065428474,225955.77758221969,0.01950933349629243,0.0004081586323010877,4294967296,2.092119817310286,22014.936065428476,2147483648
1024,2048,1024,1024x2048x1024,0.75,0.0,"o=0.75, p=0.0",213348.79742383317,223324.0148656845,0.020131199931104977,0.0018251290654705914,4294967296,9.066171275019533,21334.879742383317,2147483648
1024,2048,1024,1024x2048x1024,0.0,0.25,"o=0.0, p=0.25",205393.38062745606,212369.82912769407,0.020910933365424475,0.0014524084950030005,4294967296,6.94568946121032,20539.338062745606,2147483648
1024,2048,1024,1024x2048x1024,0.0,0.5,"o=0.0, p=0.5",208758.3912264699,212369.82912769407,0.020573866615692774,0.00037417972016045664,4294967296,1.8187136484838002,20875.839122646987,2147483648
1024,2048,1024,1024x2048x1024,0.0,0.75,"o=0.0, p=0.75",198185.3519857379,204288.78027517727,0.021671466901898383,0.001075209020396689,4294967296,4.961403975392652,19818.53519857379,2147483648
1024,2048,1024,1024x2048x1024,0.25,0.25,"o=0.25, p=0.25",208046.49511656497,215092.5202606224,0.02064426653087139,0.0003985452040532923,4294967296,1.9305370014347991,20804.649511656495,2147483648
1024,2048,1024,1024x2048x1024,0.5,0.5,"o=0.5, p=0.5",207735.22202354812,211699.8876531262,0.020675200161834557,0.00044680598533824236,4294967296,2.161072114615002,20773.522202354812,2147483648
1024,2048,1024,1024x2048x1024,0.75,0.75,"o=0.75, p=0.75",199927.10307317495,206171.62222009862,0.021482666581869127,0.000498168762424081,4294967296,2.3189335482426747,19992.710307317495,2147483648
1024,2048,1024,1024x2048x1024,0.25,0.75,"o=0.25, p=0.75",199274.06893448878,203668.7792673408,0.021553066683312257,0.00041704354511660065,4294967296,1.9349615126440547,19927.40689344888,2147483648
1024,2048,1024,1024x2048x1024,0.75,0.25,"o=0.75, p=0.25",208229.3973781966,216131.6022894351,0.020626133245726427,0.0005380495428084065,4294967296,2.608581726872564,20822.93973781966,2147483648
1024,2048,1024,1024x2048x1024,0.5,0.25,"o=0.5, p=0.25",208585.36244803143,212034.32920669153,0.02059093335022529,0.0003530392513714502,4294967296,1.7145373906403694,20858.53624480314,2147483648
1024,2048,1024,1024x2048x1024,0.25,0.5,"o=0.25, p=0.5",204413.2325168373,213382.70982784912,0.021011199926336606,0.0007017467595355536,4294967296,3.339869983607863,20441.32325168373,2147483648
1024,2048,1024,1024x2048x1024,0.5,0.75,"o=0.5, p=0.75",200344.90422003088,204912.56757764716,0.021437866427004338,0.0006053518706524064,4294967296,2.8237505477218163,20034.490422003088,2147483648
1024,2048,1024,1024x2048x1024,0.75,0.5,"o=0.75, p=0.5",209377.1426964113,213382.70982784912,0.020513066711525123,0.00037422974140641945,4294967296,1.8243480931896014,20937.71426964113,2147483648
1024,2048,1024,1024x2048x1024,0.1,0.1,"o=0.1, p=0.1",217756.3052853303,223324.0148656845,0.01972373332828283,0.0003706556385494952,4294967296,1.8792367163978732,21775.63052853303,2147483648
1024,2048,1024,1024x2048x1024,0.9,0.9,"o=0.9, p=0.9",199867.56031099553,206171.62222009862,0.021489066506425538,0.00048429960278898967,4294967296,2.253702377644823,19986.75603109955,2147483648
1024,2048,1024,1024x2048x1024,0.33,0.67,"o=0.33, p=0.67",201286.33482485416,204912.56757764716,0.02133759999026855,0.0003990303451744689,4294967296,1.8700807277128397,20128.633482485417,2147483648
1024,2048,1024,1024x2048x1024,0.67,0.33,"o=0.67, p=0.33",207928.31525168885,213044.00454774534,0.020656000077724456,0.0005962514661411177,4294967296,2.886577575026825,20792.831525168884,2147483648
1024,2048,1024,1024x2048x1024,0.4,0.6,"o=0.4, p=0.6",208304.80372924957,211366.49946679894,0.02061866658429305,0.00037202057437519967,4294967296,1.804290170047168,20830.480372924958,2147483648
1024,2048,1024,1024x2048x1024,0.6,0.4,"o=0.6, p=0.4",208100.25521094858,213722.49379538727,0.020638933343191942,0.00033311602307390975,4294967296,1.6140176313122936,20810.025521094856,2147483648
2048,1024,2048,2048x1024x2048,0.0,0.0,"o=0.0, p=0.0",233842.37450048773,238609.30449382763,0.03673386660714944,0.0004615057956184,8589934592,1.2563496256845939,23384.23745004877,4294967296
2048,1024,2048,2048x1024x2048,1.0,1.0,"o=1.0, p=1.0",206945.15334274093,214063.36161158298,0.04150826657811801,0.0009557145131624619,8589934592,2.302467898445771,20694.515334274092,4294967296
2048,1024,2048,2048x1024x2048,0.25,0.0,"o=0.25, p=0.0",233151.81848558728,238609.30449382763,0.036842666069666546,0.0005623469744455419,8589934592,1.5263471253198357,23315.18184855873,4294967296
2048,1024,2048,2048x1024x2048,0.5,0.0,"o=0.5, p=0.0",231909.67942690718,240318.2222925745,0.03704000028471152,0.0011123471326625412,8589934592,3.003096987344433,23190.96794269072,4294967296
2048,1024,2048,2048x1024x2048,0.75,0.0,"o=0.75, p=0.0",232868.64922278523,239034.23275969442,0.03688746690750122,0.0006502610073794827,8589934592,1.7628236956743957,23286.86492227852,4294967296
2048,1024,2048,2048x1024x2048,0.0,0.25,"o=0.0, p=0.25",208801.68966058645,216305.76284104542,0.041139200578133264,0.0006583812928420616,8589934592,1.6003745420177444,20880.168966058645,4294967296
2048,1024,2048,2048x1024x2048,0.0,0.5,"o=0.0, p=0.5",209715.20148315435,215265.00956843374,0.040959999710321424,0.0005901665666861915,8589934592,1.4408363546386371,20971.520148315434,4294967296
2048,1024,2048,2048x1024x2048,0.0,0.75,"o=0.0, p=0.75",209197.65442922173,216131.6022894351,0.041061333194375035,0.0006291930686172522,8589934592,1.5323249872058342,20919.765442922173,4294967296
2048,1024,2048,2048x1024x2048,0.25,0.25,"o=0.25, p=0.25",208823.3493960379,215610.7993032374,0.04113493350644906,0.0006807674661090473,8589934592,1.6549618732270899,20882.334939603792,4294967296
2048,1024,2048,2048x1024x2048,0.5,0.5,"o=0.5, p=0.5",209666.06062566774,216480.2042989074,0.04096959978342056,0.0005389664275652931,8589934592,1.315527684952881,20966.606062566774,4294967296
2048,1024,2048,2048x1024x2048,0.75,0.75,"o=0.75, p=0.75",207874.64332154658,215265.00956843374,0.04132266665498416,0.0009536976306380171,8589934592,2.307928572472673,20787.464332154657,4294967296
2048,1024,2048,2048x1024x2048,0.25,0.75,"o=0.25, p=0.75",208752.97908235973,215092.5202606224,0.041148800030350687,0.0006302918885731938,8589934592,1.5317381991900147,20875.297908235974,4294967296
2048,1024,2048,2048x1024x2048,0.75,0.25,"o=0.75, p=0.25",210081.74806502028,217532.79032097085,0.040888533492883045,0.0008331349350376584,8589934592,2.037575975139025,21008.174806502026,4294967296
2048,1024,2048,2048x1024x2048,0.5,0.25,"o=0.5, p=0.25",208812.52117275615,214063.36161158298,0.04113706660767396,0.0007238761708198334,8589934592,1.759668908149122,20881.252117275617,4294967296
2048,1024,2048,2048x1024x2048,0.25,0.5,"o=0.25, p=0.5",209268.3242786528,216829.93265624635,0.04104746679464976,0.0008079784903683906,8589934592,1.9684003751327834,20926.83242786528,4294967296
2048,1024,2048,2048x1024x2048,0.5,0.75,"o=0.5, p=0.75",208774.6261922553,215610.7993032374,0.041144533455371855,0.0007044207624068213,8589934592,1.7120640416809774,20877.462619225527,4294967296
2048,1024,2048,2048x1024x2048,0.75,0.5,"o=0.75, p=0.5",209154.18594551453,216305.76284104542,0.04106986696521441,0.0005506532605799954,8589934592,1.3407719607331352,20915.418594551455,4294967296
2048,1024,2048,2048x1024x2048,0.1,0.1,"o=0.1, p=0.1",230806.3281461473,235883.5185182902,0.037217067057887715,0.000537656154935238,8589934592,1.444649451013868,23080.63281461473,4294967296
2048,1024,2048,2048x1024x2048,0.9,0.9,"o=0.9, p=0.9",209873.69787542606,217709.21729092323,0.040929066762328145,0.0007652166276714784,8589934592,1.8696166030733874,20987.369787542608,4294967296
2048,1024,2048,2048x1024x2048,0.33,0.67,"o=0.33, p=0.67",209241.13782022314,217532.79032097085,0.04105280004441738,0.0007931590413881623,8589934592,1.9320461467427263,20924.113782022316,4294967296
2048,1024,2048,2048x1024x2048,0.67,0.33,"o=0.67, p=0.33",206314.23867772362,215784.12119524222,0.04163520000874996,0.001591580116419362,8589934592,3.8226791659098045,20631.423867772362,4294967296
2048,1024,2048,2048x1024x2048,0.4,0.6,"o=0.4, p=0.6",209072.7372906246,218062.9311576586,0.041085866590340935,0.0009443318674448754,8589934592,2.29843482884424,20907.273729062457,4294967296
2048,1024,2048,2048x1024x2048,0.6,0.4,"o=0.6, p=0.4",209813.5523353933,218240.19879701274,0.04094079956412315,0.0006682101546013525,8589934592,1.6321375295926366,20981.35523353933,4294967296
1024,4096,2048,1024x4096x2048,0.0,0.0,"o=0.0, p=0.0",405093.8751202737,429153.41384702,0.04240959994494915,0.0011212842734789658,17179869184,2.643939756410051,40509.387512027366,8589934592
1024,4096,2048,1024x4096x2048,1.0,1.0,"o=1.0, p=1.0",336856.6571051516,344368.7704680678,0.05100053337713083,0.0007620964935361476,17179869184,1.4942912222127458,33685.66571051516,8589934592
1024,4096,2048,1024x4096x2048,0.25,0.0,"o=0.25, p=0.0",407121.3423845243,418449.66170844954,0.04219839982688427,0.0006775719919392865,17179869184,1.605681719494043,40712.134238452425,8589934592
1024,4096,2048,1024x4096x2048,0.5,0.0,"o=0.5, p=0.0",404890.20134331624,424739.65825538815,0.04243093344072501,0.0009395322850261369,17179869184,2.214262588256845,40489.02013433162,8589934592
1024,4096,2048,1024x4096x2048,0.75,0.0,"o=0.75, p=0.0",406895.06260609877,415856.6155035073,0.0422218669205904,0.0005384930663074208,17179869184,1.275389047386754,40689.50626060987,8589934592
1024,4096,2048,1024x4096x2048,0.0,0.25,"o=0.0, p=0.25",383342.3137009729,395630.7465848907,0.04481600013871988,0.0009034262721226079,17179869184,2.015856545265562,38334.23137009729,8589934592
1024,4096,2048,1024x4096x2048,0.0,0.5,"o=0.0, p=0.5",363881.5985240804,374648.2371183874,0.04721280013521512,0.0007972901386329342,17179869184,1.68871606079185,36388.15985240804,8589934592
1024,4096,2048,1024x4096x2048,0.0,0.75,"o=0.0, p=0.75",346413.02870890533,356724.8463571046,0.049593600009878475,0.0008587453690983722,17179869184,1.7315648973402213,34641.30287089053,8589934592
1024,4096,2048,1024x4096x2048,0.25,0.25,"o=0.25, p=0.25",384596.3825453099,404270.2699570874,0.044669866810242334,0.0010505862533696265,17179869184,2.3518902750091435,38459.63825453099,8589934592
1024,4096,2048,1024x4096x2048,0.5,0.5,"o=0.5, p=0.5",364326.07885379373,376223.47388265876,0.047155200193325676,0.00070038316546278,17179869184,1.4852723826669534,36432.60788537937,8589934592
1024,4096,2048,1024x4096x2048,0.75,0.75,"o=0.75, p=0.75",345966.56269789074,358152.7085105881,0.04965760000050068,0.0008816526226479226,17179869184,1.7754636201488458,34596.65626978908,8589934592
1024,4096,2048,1024x4096x2048,0.25,0.75,"o=0.25, p=0.75",348798.6718307083,363241.49244032026,0.0492543996622165,0.0009813940432586972,17179869184,1.9925002639135474,34879.867183070826,8589934592
1024,4096,2048,1024x4096x2048,0.75,0.25,"o=0.75, p=0.25",382259.6337618327,399160.5302745954,0.044942933196822805,0.000782735759416824,17179869184,1.7416214379887398,38225.963376183274,8589934592
1024,4096,2048,1024x4096x2048,0.5,0.25,"o=0.5, p=0.25",384412.79843241157,394178.3465987869,0.04469119980931282,0.0007340774664133038,17179869184,1.6425548419944984,38441.27984324116,8589934592
1024,4096,2048,1024x4096x2048,0.25,0.5,"o=0.25, p=0.5",362979.5229032956,372827.0165702161,0.04733013324439526,0.0008623760393101186,17179869184,1.8220443936997357,36297.95229032956,8589934592
1024,4096,2048,1024x4096x2048,0.5,0.75,"o=0.5, p=0.75",348391.2438978822,357913.93822222226,0.049312000473340355,0.0007323269407082799,17179869184,1.4850886877002671,34839.124389788216,8589934592
1024,4096,2048,1024x4096x2048,0.75,0.5,"o=0.75, p=0.5",366048.35107438016,378611.37029845983,0.04693333307902018,0.0007043071874273531,17179869184,1.500654526797688,36604.83510743801,8589934592
1024,4096,2048,1024x4096x2048,0.1,0.1,"o=0.1, p=0.1",383607.0916534662,395339.41096995724,0.04478506669402123,0.0008488846477968453,17179869184,1.8954636231683246,38360.70916534662,8589934592
1024,4096,2048,1024x4096x2048,0.9,0.9,"o=0.9, p=0.9",336139.5687636837,347264.4936078416,0.051109333088000614,0.000861708677703446,17179869184,1.6860104126574034,33613.95687636837,8589934592
1024,4096,2048,1024x4096x2048,0.33,0.67,"o=0.33, p=0.67",345165.81709450355,357675.48608456017,0.049772800008455916,0.0016994697427654452,17179869184,3.4144547674165846,34516.58170945036,8589934592
1024,4096,2048,1024x4096x2048,0.67,0.33,"o=0.67, p=0.33",361789.1038434204,377281.03210137243,0.04748586677014828,0.0013250196900055815,17179869184,2.79034538090931,36178.91038434204,8589934592
1024,4096,2048,1024x4096x2048,0.4,0.6,"o=0.4, p=0.6",346778.49680963275,357913.93822222226,0.04954133356610934,0.0010588756644782176,17179869184,2.1373580165443555,34677.84968096328,8589934592
1024,4096,2048,1024x4096x2048,0.6,0.4,"o=0.6, p=0.4",364251.9218086959,374909.86498158635,0.047164800390601155,0.0007324832204369457,17179869184,1.5530294083104241,36425.19218086959,8589934592
4096,1024,2048,4096x1024x2048,0.0,0.0,"o=0.0, p=0.0",280800.01692388224,287096.73879150115,0.06118186662594478,0.0010764231693287838,17179869184,1.7593826875368916,28080.001692388225,8589934592
4096,1024,2048,4096x1024x2048,1.0,1.0,"o=1.0, p=1.0",251061.96871299675,258483.8307371308,0.06842879975835482,0.0016369407887256544,17179869184,2.392181061930422,25106.196871299675,8589934592
4096,1024,2048,4096x1024x2048,0.25,0.0,"o=0.25, p=0.0",280150.4116344433,287404.12521722785,0.06132373350361983,0.0023789936949510275,17179869184,3.8794012677173346,28015.041163444334,8589934592
4096,1024,2048,4096x1024x2048,0.5,0.0,"o=0.5, p=0.0",281615.038252447,286483.95207461785,0.061004800349473955,0.0011243675837316453,17179869184,1.843080507256083,28161.503825244698,8589934592
4096,1024,2048,4096x1024x2048,0.75,0.0,"o=0.75, p=0.0",282039.14508902124,288640.2814313795,0.06091306644181411,0.0010832441000286244,17179869184,1.7783443903014962,28203.914508902126,8589934592
4096,1024,2048,4096x1024x2048,0.0,0.25,"o=0.0, p=0.25",249224.40654841764,258732.97367977942,0.06893333370486895,0.0018802834294244653,17179869184,2.7276838771133676,24922.440654841765,8589934592
4096,1024,2048,4096x1024x2048,0.0,0.5,"o=0.0, p=0.5",251870.754767322,258982.59736501452,0.06820906698703766,0.0018285364936687322,17179869184,2.6807821517573673,25187.0754767322,8589934592
4096,1024,2048,4096x1024x2048,0.0,0.75,"o=0.0, p=0.75",249819.7225615855,260237.94649632153,0.06876906678080559,0.002309821469876057,17179869184,3.358808804601607,24981.97225615855,8589934592
4096,1024,2048,4096x1024x2048,0.25,0.25,"o=0.25, p=0.25",252348.2562938558,259357.93733342696,0.0680799995859464,0.0018121859530560666,17179869184,2.6618477733218904,25234.82562938558,8589934592
4096,1024,2048,4096x1024x2048,0.5,0.5,"o=0.5, p=0.5",252202.04833364187,260490.48401813637,0.0681194672981898,0.0014559812740172148,17179869184,2.137393804980483,25220.204833364187,8589934592
4096,1024,2048,4096x1024x2048,0.75,0.75,"o=0.75, p=0.75",250928.9784424376,259860.08626834376,0.06846506645282109,0.0013906009404216584,17179869184,2.031110188697347,25092.89784424376,8589934592
4096,1024,2048,4096x1024x2048,0.25,0.75,"o=0.25, p=0.75",252130.98639610354,262016.0621569974,0.06813866645097733,0.0014433938890739888,17179869184,2.1183183708363957,25213.098639610354,8589934592
4096,1024,2048,4096x1024x2048,0.75,0.25,"o=0.75, p=0.25",249978.69553143223,260870.2106340804,0.06872533336281776,0.0021293397811148317,17179869184,3.0983331428507284,24997.869553143224,8589934592
4096,1024,2048,4096x1024x2048,0.5,0.25,"o=0.5, p=0.25",249289.9816015245,260364.1540207032,0.06891520097851753,0.0023415256065525544,17179869184,3.3976910366734074,24928.99816015245,8589934592
4096,1024,2048,4096x1024x2048,0.25,0.5,"o=0.25, p=0.5",251406.8339443399,259357.93733342696,0.0683349331219991,0.001844631794083024,17179869184,2.699397965005369,25140.68339443399,8589934592
4096,1024,2048,4096x1024x2048,0.5,0.75,"o=0.5, p=0.75",251851.06305463778,259357.93733342696,0.06821440011262894,0.0015619184640938467,17179869184,2.28971956290015,25185.106305463778,8589934592
4096,1024,2048,4096x1024x2048,0.75,0.5,"o=0.75, p=0.5",250437.3576449194,255288.12424340486,0.06859946673115094,0.0014502963547439003,17179869184,2.1141510624678403,25043.73576449194,8589934592
4096,1024,2048,4096x1024x2048,0.1,0.1,"o=0.1, p=0.1",277984.2133655162,281526.4398263347,0.06180160008370876,0.0007470540624528662,17179869184,1.2087940464987956,27798.421336551623,8589934592
4096,1024,2048,4096x1024x2048,0.9,0.9,"o=0.9, p=0.9",250487.99156522503,259357.93733342696,0.06858559995889664,0.0017593434404362372,17179869184,2.565179048503785,25048.799156522502,8589934592
4096,1024,2048,4096x1024x2048,0.33,0.67,"o=0.33, p=0.67",250235.03012305553,260237.94649632153,0.06865493282675743,0.0022404832331908947,17179869184,3.2633973131173084,25023.503012305555,8589934592
4096,1024,2048,4096x1024x2048,0.67,0.33,"o=0.67, p=0.33",251677.9006032321,259232.7031856308,0.06826133380333582,0.0013312176551697546,17179869184,1.9501782063108473,25167.790060323212,8589934592
4096,1024,2048,4096x1024x2048,0.4,0.6,"o=0.4, p=0.6",250320.5918500264,259357.93733342696,0.06863146598140399,0.001874336145548392,17179869184,2.7310157502045085,25032.05918500264,8589934592
4096,1024,2048,4096x1024x2048,0.6,0.4,"o=0.6, p=0.4",251050.22670461034,259985.92746864978,0.06843200027942657,0.0019601105721226003,17179869184,2.864318687337697,25105.022670461032,8589934592
1280,1280,1280,1280x1280x1280,0.0,0.0,"o=0.0, p=0.0",197914.23565321168,204161.99406800902,0.021192533150315284,0.0005294323086302876,4194304000,2.498202102009741,19791.42356532117,2097152000
1280,1280,1280,1280x1280x1280,1.0,1.0,"o=1.0, p=1.0",170526.04211372978,177364.0099806251,0.024596266634762286,0.0004497856570284889,4194304000,1.8286745045803003,17052.604211372978,2097152000
1280,1280,1280,1280x1280x1280,0.25,0.0,"o=0.25, p=0.0",198333.50230238202,204161.99406800902,0.021147733243803184,0.00041564978679628484,4194304000,1.9654578673015968,19833.3502302382,2097152000
1280,1280,1280,1280x1280x1280,0.5,0.0,"o=0.5, p=0.0",198093.70352732576,203844.4768883224,0.021173333252469697,0.0003452772206775954,4194304000,1.6307173582946446,19809.370352732578,2097152000
1280,1280,1280,1280x1280x1280,0.75,0.0,"o=0.75, p=0.0",199338.94442249963,203212.3961995225,0.02104106657207012,0.0003602175159419916,4194304000,1.7119736526101,19933.894442249963,2097152000
1280,1280,1280,1280x1280x1280,0.0,0.25,"o=0.0, p=0.25",185435.51102560962,193321.53901447973,0.022618666601677734,0.0004065455309732537,4194304000,1.7973894665528085,18543.551102560963,2097152000
1280,1280,1280,1280x1280x1280,0.0,0.5,"o=0.0, p=0.5",184755.90889755075,189410.41219733577,0.02270186661432187,0.0003972542135286732,4194304000,1.7498746701209953,18475.590889755073,2097152000
1280,1280,1280,1280x1280x1280,0.0,0.75,"o=0.0, p=0.75",184894.90554678094,189959.41607469882,0.022684800252318383,0.00038278464379198495,4194304000,1.6874058379811583,18489.490554678094,2097152000
1280,1280,1280,1280x1280x1280,0.25,0.25,"o=0.25, p=0.25",183582.79984456644,190235.12124218425,0.02284693339218696,0.0010420568780337327,4194304000,4.561036092441571,18358.279984456643,2097152000
1280,1280,1280,1280x1280x1280,0.5,0.5,"o=0.5, p=0.5",185304.42728466194,189684.50890217052,0.022634666971862318,0.0003169274064424973,4194304000,1.4001858601961192,18530.442728466194,2097152000
1280,1280,1280,1280x1280x1280,0.75,0.75,"o=0.75, p=0.75",184834.0687553884,189410.41219733577,0.022692266789575418,0.00040609596698685515,4194304000,1.7895786734422288,18483.40687553884,2097152000
1280,1280,1280,1280x1280x1280,0.25,0.75,"o=0.25, p=0.75",184634.45606763032,188051.64712105063,0.022716799937188625,0.0003446852760882383,4194304000,1.5173143974559986,18463.44560676303,2097152000
1280,1280,1280,1280x1280x1280,0.75,0.25,"o=0.75, p=0.25",183308.93558482509,188592.8070644878,0.022881066799163817,0.0010868852552001428,4194304000,4.750151139106253,18330.89355848251,2097152000
1280,1280,1280,1280x1280x1280,0.5,0.25,"o=0.5, p=0.25",184781.95551169707,188592.8070644878,0.02269866658995549,0.00035367682951905016,4194304000,1.5581392330576704,18478.19555116971,2097152000
1280,1280,1280,1280x1280x1280,0.25,0.5,"o=0.25, p=0.5",184755.90738166354,189959.41607469882,0.022701866800586383,0.0004436115339939895,4194304000,1.954075133515148,18475.590738166356,2097152000
1280,1280,1280,1280x1280x1280,0.5,0.75,"o=0.5, p=0.75",185173.53533668956,189410.41219733577,0.022650666534900665,0.0003716304176968714,4194304000,1.6407041140456275,18517.353533668957,2097152000
1280,1280,1280,1280x1280x1280,0.75,0.5,"o=0.75, p=0.5",183283.30305373966,191906.29007350167,0.022884266761442024,0.0005891670971706815,4194304000,2.5745509057051206,18328.330305373966,2097152000
1280,1280,1280,1280x1280x1280,0.1,0.1,"o=0.1, p=0.1",194142.39187894622,201339.47482431505,0.021604266638557117,0.0016446616009076298,4194304000,7.612670350829699,19414.239187894622,2097152000
1280,1280,1280,1280x1280x1280,0.9,0.9,"o=0.9, p=0.9",183497.1299297679,189137.09061011692,0.022857600015898545,0.0011218925541543038,4194304000,4.90818175737599,18349.712992976787,2097152000
1280,1280,1280,1280x1280x1280,0.33,0.67,"o=0.33, p=0.67",183138.18750787203,189959.41607469882,0.022902399860322477,0.0012014894522876518,4194304000,5.246129050297414,18313.818750787203,2097152000
1280,1280,1280,1280x1280x1280,0.67,0.33,"o=0.67, p=0.33",184877.521616364,188864.55669919009,0.02268693329145511,0.00036114027386262754,4194304000,1.5918426224607836,18487.752161636403,2097152000
1280,1280,1280,1280x1280x1280,0.4,0.6,"o=0.4, p=0.6",184539.14051771208,188592.8070644878,0.022728533297777177,0.00028188264402601764,4194304000,1.240214845071351,18453.914051771208,2097152000
1280,1280,1280,1280x1280x1280,0.6,0.4,"o=0.6, p=0.4",181339.23649109196,187782.23010932514,0.023129599976042907,0.0006581635556421494,4194304000,2.8455466429331233,18133.923649109194,2097152000
1792,1792,1792,1792x1792x1792,0.0,0.0,"o=0.0, p=0.0",309901.6878215015,319415.2584695417,0.037138133247693376,0.00079037123430075,11509170176,2.128193221316097,30990.16878215015,5754585088
1792,1792,1792,1792x1792x1792,1.0,1.0,"o=1.0, p=1.0",261787.8269327633,268004.1542033011,0.043963733191291494,0.0006131839228433214,11509170176,1.3947494408067767,26178.78269327633,5754585088
1792,1792,1792,1792x1792x1792,0.25,0.0,"o=0.25, p=0.0",307973.3690234591,318566.4957705004,0.03737066686153412,0.0006530446368217861,11509170176,1.7474792174339533,30797.33690234591,5754585088
1792,1792,1792,1792x1792x1792,0.5,0.0,"o=0.5, p=0.0",309014.1501655128,317722.2318479164,0.03724479985733827,0.0007895355985036352,11509170176,2.1198545878293245,30901.415016551284,5754585088
1792,1792,1792,1792x1792x1792,0.75,0.0,"o=0.75, p=0.0",309732.6611551077,316047.05801474035,0.03715840019285679,0.0008102766989350576,11509170176,2.180601680184344,30973.266115510774,5754585088
1792,1792,1792,1792x1792x1792,0.0,0.25,"o=0.0, p=0.25",288784.2788799142,297486.8199249646,0.039853866770863534,0.0007976363343595667,11509170176,2.001402621596318,28878.42788799142,5754585088
1792,1792,1792,1792x1792x1792,0.0,0.5,"o=0.0, p=0.5",286979.28169010824,297979.7595880036,0.040104533359408376,0.0008446599393125784,11509170176,2.1061457859212926,28697.928169010822,5754585088
1792,1792,1792,1792x1792x1792,0.0,0.75,"o=0.0, p=0.75",261692.5882439984,270016.1892787398,0.043979733064770696,0.000733327639354683,11509170176,1.6674217605520305,26169.25882439984,5754585088
1792,1792,1792,1792x1792x1792,0.25,0.25,"o=0.25, p=0.25",287898.1534335944,299717.95909749414,0.03997653350234032,0.0008460728849372257,11509170176,2.1164238387195193,28789.815343359434,5754585088
1792,1792,1792,1792x1792x1792,0.5,0.5,"o=0.5, p=0.5",285370.1923040544,295531.29146171163,0.04033066692451636,0.0008952123271761242,11509170176,2.2196814370851357,28537.01923040544,5754585088
1792,1792,1792,1792x1792x1792,0.75,0.75,"o=0.75, p=0.75",261787.8269327633,268004.1542033011,0.043963733191291494,0.0007940357506115844,11509170176,1.8061153886924006,26178.78269327633,5754585088
1792,1792,1792,1792x1792x1792,0.25,0.75,"o=0.25, p=0.75",261654.51083890485,268204.00968549115,0.043986133237679796,0.0007279177826611853,11509170176,1.6548801385379106,26165.451083890486,5754585088
1792,1792,1792,1792x1792x1792,0.75,0.25,"o=0.75, p=0.25",288221.1530748133,297979.7595880036,0.039931733161211014,0.0006797638036705746,11509170176,1.7023148004276591,28822.11530748133,5754585088
1792,1792,1792,1792x1792x1792,0.5,0.25,"o=0.5, p=0.25",288352.09626893763,299967.9342675972,0.03991359981397788,0.0007919444372179739,11509170176,1.9841468594888108,28835.209626893768,5754585088
1792,1792,1792,1792x1792x1792,0.25,0.5,"o=0.25, p=0.5",285536.3365430947,300469.13762567996,0.04030719983081023,0.0008950316353613544,11509170176,2.2205254622455946,28553.63365430947,5754585088
1792,1792,1792,1792x1792x1792,0.5,0.75,"o=0.5, p=0.75",261508.65435141005,269207.75144564215,0.04401066650946935,0.0009121344050939545,11509170176,2.0725303146629224,26150.865435141004,5754585088
1792,1792,1792,1792x1792x1792,0.75,0.5,"o=0.75, p=0.5",286339.5524792769,296505.81720301305,0.04019413342078527,0.0011405633674957684,11509170176,2.837636417124391,28633.95524792769,5754585088
1792,1792,1792,1792x1792x1792,0.1,0.1,"o=0.1, p=0.1",308017.32889848057,318003.1555012426,0.037365333363413814,0.0008352891833846552,11509170176,2.2354656260139962,30801.732889848055,5754585088
1792,1792,1792,1792x1792x1792,0.9,0.9,"o=0.9, p=0.9",259871.0767911099,268004.1542033011,0.044287999719381334,0.0007696427604081351,11509170176,1.7378133247939929,25987.107679110988,5754585088
1792,1792,1792,1792x1792x1792,0.33,0.67,"o=0.33, p=0.67",286316.7558265144,296017.7380893152,0.04019733369350433,0.0010190240959057234,11509170176,2.5350539507808003,28631.675582651438,5754585088
1792,1792,1792,1792x1792x1792,0.67,0.33,"o=0.67, p=0.33",286544.86633874825,297486.8199249646,0.04016533369819323,0.0007900428743049152,11509170176,1.96697699623607,28654.486633874825,5754585088
1792,1792,1792,1792x1792x1792,0.4,0.6,"o=0.4, p=0.6",286857.2064828187,295774.32892462873,0.04012160028020541,0.0012453827695932803,11509170176,3.10402067937382,28685.72064828187,5754585088
1792,1792,1792,1792x1792x1792,0.6,0.4,"o=0.6, p=0.4",286750.47839025845,296995.5084812704,0.04013653347889582,0.0006535071289187544,11509170176,1.6282101922488517,28675.047839025843,5754585088
2560,2560,2560,2560x2560x2560,0.0,0.0,"o=0.0, p=0.0",405048.476387566,421622.82554446004,0.08284053380290667,0.0018428345369047123,33554432000,2.2245565694798213,40504.847638756604,16777216000
2560,2560,2560,2560x2560x2560,1.0,1.0,"o=1.0, p=1.0",316790.3319495437,323834.46815170837,0.10592000012596449,0.0010660692100635128,33554432000,1.0064852802074196,31679.033194954365,16777216000
2560,2560,2560,2560x2560x2560,0.25,0.0,"o=0.25, p=0.0",403868.0198286543,418426.178876602,0.0830826664964358,0.0018721748860449808,33554432000,2.253388059139022,40386.801982865436,16777216000
2560,2560,2560,2560x2560x2560,0.5,0.0,"o=0.5, p=0.0",404886.86760632537,419598.2499567457,0.08287359923124313,0.0019352883727337474,33554432000,2.3352290605041666,40488.68676063254,16777216000
2560,2560,2560,2560x2560x2560,0.75,0.0,"o=0.75, p=0.0",409008.85773651855,424696.64848065,0.08203839932878812,0.0019830220562044223,33554432000,2.4171876492336186,40900.885773651855,16777216000
2560,2560,2560,2560x2560x2560,0.0,0.25,"o=0.0, p=0.25",374861.82627985405,394349.75693062984,0.08951146701971689,0.002357695689436409,33554432000,2.63395938859663,37486.1826279854,16777216000
2560,2560,2560,2560x2560x2560,0.0,0.5,"o=0.0, p=0.5",341845.2096412575,359101.3556699638,0.09815680036942163,0.002088591134641567,33554432000,2.1278109379900045,34184.52096412575,16777216000
2560,2560,2560,2560x2560x2560,0.0,0.75,"o=0.0, p=0.75",339909.66686541575,351399.4750831797,0.09871573324004809,0.0012987366951476157,33554432000,1.3156329315707598,33990.96668654158,16777216000
2560,2560,2560,2560x2560x2560,0.25,0.25,"o=0.25, p=0.25",373264.98630564526,392725.08268500434,0.08989440004030863,0.0014883588337830677,33554432000,1.6556746951041308,37326.49863056453,16777216000
2560,2560,2560,2560x2560x2560,0.5,0.5,"o=0.5, p=0.5",339370.610994262,352344.07700454746,0.09887253319223722,0.0013711207088148688,33554432000,1.386755921534859,33937.0610994262,16777216000
2560,2560,2560,2560x2560x2560,0.75,0.75,"o=0.75, p=0.75",338574.3349504306,348711.663558296,0.09910506655772527,0.0014597167219600655,33554432000,1.4728981803466437,33857.433495043064,16777216000
2560,2560,2560,2560x2560x2560,0.25,0.75,"o=0.25, p=0.75",340612.6365582166,356294.9301520342,0.09851199984550477,0.002073519714429899,33554432000,2.104839732907439,34061.26365582166,16777216000
2560,2560,2560,2560x2560x2560,0.75,0.25,"o=0.75, p=0.25",373473.2686560888,398395.13406697067,0.08984426682194074,0.002508814082778274,33554432000,2.7924030898381154,37347.326865608884,16777216000
2560,2560,2560,2560x2560x2560,0.5,0.25,"o=0.5, p=0.25",372791.6753679309,389370.9593331841,0.09000853349765142,0.0021409680986757295,33554432000,2.378627909465488,37279.16753679309,16777216000
2560,2560,2560,2560x2560x2560,0.25,0.5,"o=0.25, p=0.5",340045.620251953,348595.73459927476,0.09867626577615737,0.001417699722188458,33554432000,1.4367180507260433,34004.5620251953,16777216000
2560,2560,2560,2560x2560x2560,0.5,0.75,"o=0.5, p=0.75",340822.98597183614,348943.7529502273,0.09845120012760163,0.0013325635485005392,33554432000,1.3535269725238663,34082.29859718362,16777216000
2560,2560,2560,2560x2560x2560,0.75,0.5,"o=0.75, p=0.5",339887.63174575014,350459.89712889126,0.09872213304042816,0.001778999324118465,33554432000,1.8020268295762396,33988.76317457501,16777216000
2560,2560,2560,2560x2560x2560,0.1,0.1,"o=0.1, p=0.1",375981.9270556233,399001.5239749556,0.08924480030934016,0.002289261697106631,33554432000,2.565148545541697,37598.19270556233,16777216000
2560,2560,2560,2560x2560x2560,0.9,0.9,"o=0.9, p=0.9",340638.45527238655,354728.0199612502,0.0985045331219832,0.0017908742190047165,33554432000,1.818062745180453,34063.84552723865,16777216000
2560,2560,2560,2560x2560x2560,0.33,0.67,"o=0.33, p=0.67",340675.34508136095,348132.815460643,0.09849386662244797,0.0014322266924622926,33554432000,1.4541277965585224,34067.534508136094,16777216000
2560,2560,2560,2560x2560x2560,0.67,0.33,"o=0.67, p=0.33",372526.7915535024,385222.6297503072,0.09007253373662631,0.0013939341160374148,33554432000,1.547568452013688,37252.67915535024,16777216000
2560,2560,2560,2560x2560x2560,0.4,0.6,"o=0.4, p=0.6",339674.76453147654,348248.4097474685,0.09878400017817815,0.00169909722732342,33554432000,1.7200125771974544,33967.476453147654,16777216000
2560,2560,2560,2560x2560x2560,0.6,0.4,"o=0.6, p=0.4",372707.7564775595,387500.3529776505,0.09002879982193311,0.0021340524057754683,33554432000,2.3704108129802743,37270.775647755945,16777216000
